Country,Official_State_Name,Internet_ccTLD,iso_2,iso_3,Food_Exports,Cropland_Area,Food_Prices
ANGOLA,The Republic of Angola,.ao,AO,AGO,670760.23,5215000,166.187
ALBANIA,The Republic of Albania,.al,AL,ALB,1060427.49,691100,81.51
UNITED ARAB EMIRATES,The United Arab Emirates,.ae,AE,ARE,7549746.46,83800,128.869
ARGENTINA,The Argentine Republic,.ar,AR,ARG,1048146.81,40200000,122.409
ARMENIA,The Republic of Armenia,.am,AM,ARM,435002.55,505100,76.102
ANTIGUA AND BARBUDA,Antigua and Barbuda,.ag,AG,ATG,56236.3,5000,168.613
AUSTRALIA,The Commonwealth of Australia,.au,AU,AUS,12367173.28,31074000,153.54
AUSTRIA,The Republic of Austria,.at,AT,AUT,7580107.28,1395810,144.994
AZERBAIJAN,The Republic of Azerbaijan,.az,AZ,AZE,809066.83,2341300,55.135
BURUNDI,The Republic of Burundi,.bi,BI,BDI,52375.21,1550000,91.02
BELGIUM,The Kingdom of Belgium,.be,BE,BEL,20030036.1,859000,129.24
BENIN,The Republic of Benin,.bj,BJ,BEN,387271.41,3400000,81.566
BURKINA FASO,Burkina Faso,.bf,BF,BFA,455807.36,6100000,76.365
BANGLADESH,The People's Republic of Bangladesh,.bd,BD,BGD,1951422.16,8587330,79.094
BULGARIA,The Republic of Bulgaria,.bg,BG,BGR,2477792.84,3637170,84.915
BAHRAIN,The Kingdom of Bahrain,.bh,BH,BHR,649225.18,4600,110.878
BAHAMAS THE,The Commonwealth of The Bahamas,.bs,BS,BHS,260224.73,12000,156.742
BOSNIA AND HERZEGOVINA,Bosnia and Herzegovina,.ba,BA,BIH,1534727.58,1167000,86.916
BELARUS,The Republic of Belarus,.by,BY,BLR,2132227.71,5841000,64.894
BELIZE,Belize,.bz,BZ,BLZ,174086.48,122000,119.772
BOLIVIA,The Plurinational State of Bolivia,.bo,BO,BOL,444039.08,4488000,68.3
BRAZIL,The Federative Republic of Brazil,.br,BR,BRA,3996793.25,63366060,107.662
BARBADOS,Barbados,.bb,BB,BRB,163936.92,8000,182.578
BRUNEI,"The Nation of Brunei, the Abode of Peace",.bn,BN,BRN,285557.07,11000,103.366
BHUTAN,The Kingdom of Bhutan,.bt,BT,BTN,64580.37,105500,69.481
BOTSWANA,The Republic of Botswana,.bw,BW,BWA,449411.83,259800,98.008
CENTRAL AFRICAN REPUBLIC,The Central African Republic,.cf,CF,CAF,41811.16,1880000,118.033
CANADA,Canada,.ca,CA,CAN,25988960.33,38352400,137.341
SWITZERLAND,The Swiss Confederation,.ch,CH,CHE,13818923.19,423090,197.397
CHILE,The Republic of Chile,.cl,CL,CHL,4937839.5,1732000,120.959
CHINA,The People's Republic of China,.cn,CN,CHN,37838144.94,134900000,116.157
COTE D'IVOIRE,The Republic of C√¥te d'Ivoire,.ci,CI,CIV,1629928.19,8000000,90.055
CAMEROON,The Republic of Cameroon,.cm,CM,CMR,527669.75,7750000,83.269
CONGO REP.,The Republic of the Congo,.cg,CG,COG,330907.49,628000,119.386
COLOMBIA,The Republic of Colombia,.co,CO,COL,3674554.3,3819000,89.73
COMOROS,The Union of the Comoros,.km,KM,COM,47631.09,116000,114.522
CAPE VERDE,The Republic of Cabo Verde,.cv,CV,CPV,170253.92,54000,93.118
COSTA RICA,The Republic of Costa Rica,.cr,CR,CRI,1015658.97,569500,128.254
CYPRUS,The Republic of Cyprus,.cy,CY,CYP,1192096.23,122560,126.753
CZECHIA,The Czech Republic,.cz,CZ,CZE,5691805.56,2543000,93.819
GERMANY,The Federal Republic of Germany,.de,DE,DEU,44410120.83,11971000,116.028
DJIBOUTI,The Republic of Djibouti,.dj,DJ,DJI,489711.16,2000,126.816
DENMARK,The Kingdom of Denmark,.dk,DK,DNK,6906407.2,2396610,151.189
DOMINICAN REPUBLIC,The Dominican Republic,.do,DO,DOM,2157030.03,1155000,104.939
ALGERIA,The People's Democratic Republic of Algeria,.dz,DZ,DZA,2540469.6,8483430,84.511
ECUADOR,The Republic of Ecuador,.ec,EC,ECU,1796943.69,2464000,103.177
EGYPT ARAB REP.,The Arab Republic of Egypt,.eg,EG,EGY,2813419.77,3733770,52.288
SPAIN,The Kingdom of Spain,.es,ES,ESP,15964237.1,16985170,109.705
ESTONIA,The Republic of Estonia,.ee,EE,EST,1232280.24,688000,106.699
ETHIOPIA(EXCLUDES ERITREA),The Federal Democratic Republic of Ethiopia,.et,ET,ETH,288402.99,17540100,88.177
FINLAND,The Republic of Finland,.fi,FI,FIN,3224376.97,2245000,135.333
FIJI,The Republic of Fiji,.fj,FJ,FJI,131020.27,250000,94.463
FRANCE,The French Republic,.fr,FR,FRA,29713521.89,19463780,132.25
GABON,The Gabonese Republic,.ga,GA,GAB,324059.3,495000,120.011
UNITED KINGDOM,The United Kingdom of Great Britain and Northern Ireland,.uk,GB,GBR,62484249.16,6130590,106.357
GEORGIA,Georgia,.ge,GE,GEO,988987.09,444800,79.168
GHANA,The Republic of Ghana,.gh,GH,GHA,1501262.69,7400000,101.488
GUINEA,The Republic of Guinea,.gn,GN,GIN,615187.83,3800000,96.107
GAMBIA THE,The Republic of The Gambia,.gm,GM,GMB,277158.98,445000,75.281
GUINEA-BISSAU,The Republic of Guinea-Bissau,.gw,GW,GNB,116885.79,550000,91.334
EQUATORIAL GUINEA,The Republic of Equatorial Guinea,.gq,GQ,GNQ,231355.97,180000,118.227
GREECE,The Hellenic Republic,.gr,GR,GRC,3493177.6,3220000,121.131
GRENADA,Grenada,.gd,GD,GRD,51197.96,7000,152.107
GUYANA,The Co-operative Republic of Guyana,.gy,GY,GUY,198002.26,470000,111.953
GUYANA,The Co-operative Republic of Guyana,.gy,GY,GUY,198002.26,18820,111.953
HONDURAS,The Republic of Honduras,.hn,HN,HND,1439107.91,1720000,86.181
CROATIA,The Republic of Croatia,.hr,HR,HRV,2143167.32,889000,109.272
HAITI,The Republic of Haiti,.ht,HT,HTI,461743.48,1350000,96.997
HUNGARY,Hungary,.hu,HU,HUN,4110894.06,4499000,96.955
INDONESIA,The Republic of Indonesia,.id,ID,IDN,9172892.68,51300000,90.192
INDIA,The Republic of India,.in,IN,IND,3117259.8,169463000,58.758
IRELAND,Ireland,.ie,IE,IRL,6313444.94,442000,139.882
IRAN ISLAMIC REP.,The Islamic Republic of Iran,.ir,IR,IRN,1997663.75,16477000,98.98
IRAQ,The Republic of Iraq,.iq,IQ,IRQ,4632716.38,5400000,93.558
ICELAND,Iceland,.is,IS,ISL,820209.92,121000,179.378
ITALY,The Italian Republic,.it,IT,ITA,17479042.8,9218270,129.286
JAMAICA,Jamaica,.jm,JM,JAM,652821.51,215000,121.475
JORDAN,The Hashemite Kingdom of Jordan,.jo,JO,JOR,1620760.24,265000,99.086
JAPAN,Japan,.jp,JP,JPN,27996068.83,4444000,188.076
KAZAKHSTAN,The Republic of Kazakhstan,.kz,KZ,KAZ,2765954.96,29527000,70.57
KENYA,The Republic of Kenya,.ke,KE,KEN,781961.37,6330000,80.809
KYRGYZSTAN,The Kyrgyz Republic,.kg,KG,KGZ,536830.01,1363800,67.277
CAMBODIA,The Kingdom of Cambodia,.kh,KH,KHM,2408501.28,4066000,79.02
KUWAIT,The State of Kuwait,.kw,KW,KWT,2065341.33,15400,119.752
LAOS,The Lao People's Democratic Republic,.la,LA,LAO,660184.65,1724000,82.267
LIBERIA,The Republic of Liberia,.lr,LR,LBR,148798.9,710000,135.175
SRI LANKA,The Democratic Socialist Republic of Sri Lanka,.lk,LK,LKA,865758.77,2300000,85.113
LESOTHO,The Kingdom of Lesotho,.ls,LS,LSO,194403.27,418000,76.441
LITHUANIA,The Republic of Lithuania,.lt,LT,LTU,2073127.0,2139200,90.458
LUXEMBOURG,The Grand Duchy of Luxembourg,.lu,LU,LUX,1705311.5,63590,143.891
LATVIA,The Republic of Latvia,.lv,LV,LVA,2396564.37,1298000,104.861
MOROCCO,The Kingdom of Morocco,.ma,MA,MAR,2723364.43,9386000,88.869
MOLDOVA,The Republic of Moldova,.md,MD,MDA,688443.7,1975000,67.133
MADAGASCAR,The Republic of Madagascar,.mg,MG,MDG,272530.25,3600000,66.627
MALDIVES,The Republic of Maldives,.mv,MV,MDV,249517.91,6900,91.287
MEXICO,The United Mexican States,.mx,MX,MEX,10037579.73,26574000,88.741
NORTH MACEDONIA,The Republic of North Macedonia[12],.mk,MK,MKD,814254.04,457000,70.633
MALI,The Republic of Mali,.ml,ML,MLI,662762.87,6561000,73.166
MALTA,The Republic of Malta,.mt,MT,MLT,550161.79,10380,124.766
MONGOLIA,Mongolia,.mn,MN,MNG,652593.16,572200,69.832
MONTENEGRO,Montenegro,.me,ME,MNE,474124.0,14600,88.123
MOZAMBIQUE,The Republic of Mozambique,.mz,MZ,MOZ,540171.42,5950000,77.653
MAURITANIA,The Islamic Republic of Mauritania,.mr,MR,MRT,470178.91,411000,81.623
MAURITIUS,The Republic of Mauritius,.mu,MU,MUS,435048.65,79000,109.309
MALAWI,The Republic of Malawi,.mw,MW,MWI,144821.17,3800000,61.3
MALAYSIA,Malaysia,.my,MY,MYS,8321310.73,8305200,76.82
NIGER,The Republic of the Niger,.ne,NE,NER,403001.0,17818000,96.792
NIGERIA,The Federal Republic of Nigeria,.ng,NG,NGA,3209999.14,40500000,84.436
NICARAGUA,The Republic of Nicaragua,.ni,NI,NIC,710713.28,1790000,78.581
NETHERLANDS,The Kingdom of the Netherlands,.nl,NL,NLD,27973245.3,1075000,115.836
NORWAY,The Kingdom of Norway,.no,NO,NOR,9238497.38,804500,187.477
NEPAL,The Federal Democratic Republic of Nepal,.np,NP,NPL,497311.66,2325700,64.251
NEW ZEALAND,New Zealand,.nz,NZ,NZL,3402922.1,645000,163.691
OMAN,The Sultanate of Oman,.om,OM,OMN,1672471.04,100920,97.292
PAKISTAN,The Islamic Republic of Pakistan,.pk,PK,PAK,1190220.67,32003000,70.188
PANAMA,The Republic of Panam√°,.pa,PA,PAN,1779985.71,750000,111.213
PERU,The Republic of Per√∫,.pe,PE,PER,2134258.51,4867000,100.45
PHILIPPINES,The Republic of the Philippines,.ph,PH,PHL,7203271.95,10940000,79.097
POLAND,The Republic of Poland,.pl,PL,POL,12342812.64,11291000,76.523
PORTUGAL,The Portuguese Republic,.pt,PT,PRT,4179680.68,1709410,111.797
PARAGUAY,The Republic of Paraguay,.py,PY,PRY,852900.87,4949000,83.414
QATAR,The State of Qatar,.qa,QA,QAT,1138218.55,17000,116.248
ROMANIA,Romania,.ro,RO,ROU,5140252.11,8958000,73.693
RUSSIAN FEDERATION,The Russian Federation,.ru,RU,RUS,16052809.99,123249000,78.411
RWANDA,The Republic of Rwanda,.rw,RW,RWA,200840.15,1401700,62.541
SAUDI ARABIA,The Kingdom of Saudi Arabia,.sa,SA,SAU,8064855.03,3612000,99.678
SENEGAL,The Republic of Senegal,.sn,SN,SEN,1138113.92,3278000,91.552
SINGAPORE,The Republic of Singapore,.sg,SG,SGP,8751354.48,660,127.302
SIERRA LEONE,The Republic of Sierra Leone,.sl,SL,SLE,213514.77,1749000,68.911
EL SALVADOR,The Republic of El Salvador,.sv,SV,SLV,1071669.92,932000,86.25
SAO TOME AND PRINCIPE,The Democratic Republic of S√£o Tom√© and Pr√≠ncipe,.st,ST,STP,44418.56,43000,111.526
SUDAN,The Republic of the Sudan,.sd,SD,SDN,1206025.43,19991160,67.426
SURINAME,The Republic of Suriname,.sr,SR,SUR,238816.73,71000,93.652
SLOVENIA,The Republic of Slovenia,.si,SI,SVN,1821214.28,1361000,109.768
SLOVENIA,The Republic of Slovenia,.si,SI,SVN,1821214.28,238030,109.768
SWEDEN,The Kingdom of Sweden,.se,SE,SWE,7515286.16,2568000,142.433
ESWATINI,The Kingdom of Eswatini,.sz,SZ,SWZ,181647.31,190000,92.865
SEYCHELLES,The Republic of Seychelles,.sc,SC,SYC,86792.06,1550,120.276
CHAD,The Republic of Chad,.td,TD,TCD,121560.83,5238000,88.871
TOGO,The Togolese Republic,.tg,TG,TGO,572399.33,2820000,105.906
THAILAND,The Kingdom of Thailand,.th,TH,THA,8273036.68,21310000,79.409
THAILAND,The Kingdom of Thailand,.th,TH,THA,8273036.68,793000,79.409
TAJIKISTAN,The Republic of Tajikistan,.tj,TJ,TJK,283990.51,867700,73.549
TRINIDAD AND TOBAGO,The Republic of Trinidad and Tobago,.tt,TT,TTO,433607.63,47000,134.92
TUNISIA,The Republic of Tunisia,.tn,TN,TUN,526123.29,4993000,61.571
TURKEY,The Republic of Turkey,.tr,TR,TUR,6565921.58,23384000,96.185
TANZANIA,The United Republic of Tanzania,.tz,TZ,TZA,460900.24,15650000,66.19
UGANDA,The Republic of Uganda,.ug,UG,UGA,348588.1,9100000,70.729
UKRAINE,Ukraine,.ua,UA,UKR,5515717.27,33669000,55.473
URUGUAY,The Oriental Republic of Uruguay,.uy,UY,URY,799377.21,2469000,145.595
VIETNAM,The Socialist Republic of Viet Nam,.vn,VN,VNM,11084926.86,11526800,73.294
CONGO DEM. REP.,The Democratic Republic of the Congo,.cd,CD,COD,1029195.11,13300000,93.419
ZAMBIA,The Republic of Zambia,.zm,ZM,ZMB,234123.28,3836000,86.645
ZIMBABWE,The Republic of Zimbabwe,.zw,ZW,ZWE,360830.09,4100000,101.714
